array_type;algorithm;size;average_time_microseconds;average_char_comparisons;sorted
random;standard_quick_sort;100;366;14577;yes
reverse_sorted;standard_quick_sort;100;722;28295;yes
almost_sorted;standard_quick_sort;100;383;15134;yes
same_prefix;standard_quick_sort;100;676;27376;yes
random;standard_merge_sort;100;98;587;yes
reverse_sorted;standard_merge_sort;100;99;597;yes
almost_sorted;standard_merge_sort;100;101;792;yes
same_prefix;standard_merge_sort;100;288;8097;yes
random;string_quick_sort;100;37;715;yes
reverse_sorted;string_quick_sort;100;48;983;yes
almost_sorted;string_quick_sort;100;44;922;yes
same_prefix;string_quick_sort;100;48;2037;yes
random;string_merge_sort;100;91;587;yes
reverse_sorted;string_merge_sort;100;88;597;yes
almost_sorted;string_merge_sort;100;93;792;yes
same_prefix;string_merge_sort;100;266;8097;yes
random;msd_radix_sort;100;79;350;yes
reverse_sorted;msd_radix_sort;100;79;502;yes
almost_sorted;msd_radix_sort;100;62;442;yes
same_prefix;msd_radix_sort;100;174;3148;yes
random;msd_radix_quick_sort;100;15;287;yes
reverse_sorted;msd_radix_quick_sort;100;89;1634;yes
almost_sorted;msd_radix_quick_sort;100;41;782;yes
same_prefix;msd_radix_quick_sort;100;113;3092;yes
random;standard_quick_sort;200;785;30776;yes
reverse_sorted;standard_quick_sort;200;1655;67412;yes
almost_sorted;standard_quick_sort;200;885;33834;yes
same_prefix;standard_quick_sort;200;1549;63310;yes
random;standard_merge_sort;200;205;1481;yes
reverse_sorted;standard_merge_sort;200;205;1320;yes
almost_sorted;standard_merge_sort;200;220;1817;yes
same_prefix;standard_merge_sort;200;616;19307;yes
random;string_quick_sort;200;89;1454;yes
reverse_sorted;string_quick_sort;200;142;2670;yes
almost_sorted;string_quick_sort;200;112;2007;yes
same_prefix;string_quick_sort;200;120;4292;yes
random;string_merge_sort;200;208;1481;yes
reverse_sorted;string_merge_sort;200;193;1320;yes
almost_sorted;string_merge_sort;200;220;1817;yes
same_prefix;string_merge_sort;200;645;19307;yes
random;msd_radix_sort;200;166;788;yes
reverse_sorted;msd_radix_sort;200;149;994;yes
almost_sorted;msd_radix_sort;200;129;918;yes
same_prefix;msd_radix_sort;200;325;6390;yes
random;msd_radix_quick_sort;200;38;719;yes
reverse_sorted;msd_radix_quick_sort;200;186;3353;yes
almost_sorted;msd_radix_quick_sort;200;88;1633;yes
same_prefix;msd_radix_quick_sort;200;203;6325;yes
random;standard_quick_sort;300;1241;49228;yes
reverse_sorted;standard_quick_sort;300;2841;115544;yes
almost_sorted;standard_quick_sort;300;1222;48636;yes
same_prefix;standard_quick_sort;300;2525;101006;yes
random;standard_merge_sort;300;362;2510;yes
reverse_sorted;standard_merge_sort;300;350;2043;yes
almost_sorted;standard_merge_sort;300;353;2954;yes
same_prefix;standard_merge_sort;300;1071;31663;yes
random;string_quick_sort;300;138;2349;yes
reverse_sorted;string_quick_sort;300;253;4461;yes
almost_sorted;string_quick_sort;300;180;3338;yes
same_prefix;string_quick_sort;300;193;6655;yes
random;string_merge_sort;300;362;2510;yes
reverse_sorted;string_merge_sort;300;335;2043;yes
almost_sorted;string_merge_sort;300;352;2954;yes
same_prefix;string_merge_sort;300;1043;31663;yes
random;msd_radix_sort;300;218;1224;yes
reverse_sorted;msd_radix_sort;300;218;1474;yes
almost_sorted;msd_radix_sort;300;200;1380;yes
same_prefix;msd_radix_sort;300;454;9620;yes
random;msd_radix_quick_sort;300;64;1214;yes
reverse_sorted;msd_radix_quick_sort;300;284;5113;yes
almost_sorted;msd_radix_quick_sort;300;133;2458;yes
same_prefix;msd_radix_quick_sort;300;296;9599;yes
random;standard_quick_sort;400;1707;67770;yes
reverse_sorted;standard_quick_sort;400;4196;175250;yes
almost_sorted;standard_quick_sort;400;1708;68909;yes
same_prefix;standard_quick_sort;400;3303;136190;yes
random;standard_merge_sort;400;503;3630;yes
reverse_sorted;standard_merge_sort;400;453;2862;yes
almost_sorted;standard_merge_sort;400;452;4019;yes
same_prefix;standard_merge_sort;400;1416;44768;yes
random;string_quick_sort;400;206;3734;yes
reverse_sorted;string_quick_sort;400;344;6282;yes
almost_sorted;string_quick_sort;400;274;4853;yes
same_prefix;string_quick_sort;400;271;8937;yes
random;string_merge_sort;400;506;3630;yes
reverse_sorted;string_merge_sort;400;456;2862;yes
almost_sorted;string_merge_sort;400;483;4019;yes
same_prefix;string_merge_sort;400;1470;44768;yes
random;msd_radix_sort;400;259;1652;yes
reverse_sorted;msd_radix_sort;400;274;1944;yes
almost_sorted;msd_radix_sort;400;263;1848;yes
same_prefix;msd_radix_sort;400;611;12858;yes
random;msd_radix_quick_sort;400;100;1753;yes
reverse_sorted;msd_radix_quick_sort;400;414;6977;yes
almost_sorted;msd_radix_quick_sort;400;381;3354;yes
same_prefix;msd_radix_quick_sort;400;800;12927;yes
random;standard_quick_sort;500;2480;85327;yes
reverse_sorted;standard_quick_sort;500;8259;243867;yes
almost_sorted;standard_quick_sort;500;3721;85893;yes
same_prefix;standard_quick_sort;500;7675;175304;yes
random;standard_merge_sort;500;895;4814;yes
reverse_sorted;standard_merge_sort;500;946;3740;yes
almost_sorted;standard_merge_sort;500;2290;5080;yes
same_prefix;standard_merge_sort;500;12130;58511;yes
random;string_quick_sort;500;1427;4481;yes
reverse_sorted;string_quick_sort;500;1295;9188;yes
almost_sorted;string_quick_sort;500;1481;6553;yes
same_prefix;string_quick_sort;500;604;11503;yes
random;string_merge_sort;500;1002;4814;yes
reverse_sorted;string_merge_sort;500;1272;3740;yes
almost_sorted;string_merge_sort;500;1602;5080;yes
same_prefix;string_merge_sort;500;5860;58511;yes
random;msd_radix_sort;500;1174;2076;yes
reverse_sorted;msd_radix_sort;500;534;2426;yes
almost_sorted;msd_radix_sort;500;495;2338;yes
same_prefix;msd_radix_sort;500;1513;16086;yes
random;msd_radix_quick_sort;500;137;2328;yes
reverse_sorted;msd_radix_quick_sort;500;634;9019;yes
almost_sorted;msd_radix_quick_sort;500;546;4181;yes
same_prefix;msd_radix_quick_sort;500;532;16296;yes
random;standard_quick_sort;600;6923;102845;yes
reverse_sorted;standard_quick_sort;600;18467;321254;yes
almost_sorted;standard_quick_sort;600;7402;103320;yes
same_prefix;standard_quick_sort;600;8245;216745;yes
random;standard_merge_sort;600;1220;6091;yes
reverse_sorted;standard_merge_sort;600;980;4416;yes
almost_sorted;standard_merge_sort;600;954;6578;yes
same_prefix;standard_merge_sort;600;3745;73141;yes
random;string_quick_sort;600;352;5528;yes
reverse_sorted;string_quick_sort;600;939;11013;yes
almost_sorted;string_quick_sort;600;597;8420;yes
same_prefix;string_quick_sort;600;453;13923;yes
random;string_merge_sort;600;842;6091;yes
reverse_sorted;string_merge_sort;600;746;4416;yes
almost_sorted;string_merge_sort;600;1013;6578;yes
same_prefix;string_merge_sort;600;3031;73141;yes
random;msd_radix_sort;600;353;2516;yes
reverse_sorted;msd_radix_sort;600;449;2914;yes
almost_sorted;msd_radix_sort;600;429;2842;yes
same_prefix;msd_radix_sort;600;861;19314;yes
random;msd_radix_quick_sort;600;175;2936;yes
reverse_sorted;msd_radix_quick_sort;600;684;10901;yes
almost_sorted;msd_radix_quick_sort;600;304;5023;yes
same_prefix;msd_radix_quick_sort;600;650;19700;yes
random;standard_quick_sort;700;3982;120561;yes
reverse_sorted;standard_quick_sort;700;10957;407745;yes
almost_sorted;standard_quick_sort;700;3163;122134;yes
same_prefix;standard_quick_sort;700;7077;264976;yes
random;standard_merge_sort;700;1033;7402;yes
reverse_sorted;standard_merge_sort;700;923;5185;yes
almost_sorted;standard_merge_sort;700;993;7880;yes
same_prefix;standard_merge_sort;700;3008;88079;yes
random;string_quick_sort;700;437;6963;yes
reverse_sorted;string_quick_sort;700;912;15202;yes
almost_sorted;string_quick_sort;700;609;10741;yes
same_prefix;string_quick_sort;700;572;16601;yes
random;string_merge_sort;700;998;7402;yes
reverse_sorted;string_merge_sort;700;937;5185;yes
almost_sorted;string_merge_sort;700;956;7880;yes
same_prefix;string_merge_sort;700;2989;88079;yes
random;msd_radix_sort;700;497;2976;yes
reverse_sorted;msd_radix_sort;700;537;3402;yes
almost_sorted;msd_radix_sort;700;542;3310;yes
same_prefix;msd_radix_sort;700;972;22562;yes
random;msd_radix_quick_sort;700;214;3595;yes
reverse_sorted;msd_radix_quick_sort;700;792;12756;yes
almost_sorted;msd_radix_quick_sort;700;347;5964;yes
same_prefix;msd_radix_quick_sort;700;773;23135;yes
random;standard_quick_sort;800;3626;137216;yes
reverse_sorted;standard_quick_sort;800;17391;505964;yes
almost_sorted;standard_quick_sort;800;3757;139272;yes
same_prefix;standard_quick_sort;800;7156;291089;yes
random;standard_merge_sort;800;1119;8747;yes
reverse_sorted;standard_merge_sort;800;1002;6181;yes
almost_sorted;standard_merge_sort;800;1061;9121;yes
same_prefix;standard_merge_sort;800;3287;102630;yes
random;string_quick_sort;800;508;8371;yes
reverse_sorted;string_quick_sort;800;1089;18439;yes
almost_sorted;string_quick_sort;800;755;13783;yes
same_prefix;string_quick_sort;800;591;18852;yes
random;string_merge_sort;800;1097;8747;yes
reverse_sorted;string_merge_sort;800;1016;6181;yes
almost_sorted;string_merge_sort;800;1077;9121;yes
same_prefix;string_merge_sort;800;3275;102630;yes
random;msd_radix_sort;800;424;3410;yes
reverse_sorted;msd_radix_sort;800;561;3904;yes
almost_sorted;msd_radix_sort;800;543;3788;yes
same_prefix;msd_radix_sort;800;1005;25812;yes
random;msd_radix_quick_sort;800;243;4240;yes
reverse_sorted;msd_radix_quick_sort;800;837;14892;yes
almost_sorted;msd_radix_quick_sort;800;381;6764;yes
same_prefix;msd_radix_quick_sort;800;815;26584;yes
random;standard_quick_sort;900;3915;150184;yes
reverse_sorted;standard_quick_sort;900;14942;613282;yes
almost_sorted;standard_quick_sort;900;4378;171056;yes
same_prefix;standard_quick_sort;900;8647;332753;yes
random;standard_merge_sort;900;1320;10145;yes
reverse_sorted;standard_merge_sort;900;1197;6975;yes
almost_sorted;standard_merge_sort;900;1248;10464;yes
same_prefix;standard_merge_sort;900;3882;118167;yes
random;string_quick_sort;900;562;8767;yes
reverse_sorted;string_quick_sort;900;1238;20366;yes
almost_sorted;string_quick_sort;900;911;15640;yes
same_prefix;string_quick_sort;900;681;21117;yes
random;string_merge_sort;900;1281;10145;yes
reverse_sorted;string_merge_sort;900;1228;6975;yes
almost_sorted;string_merge_sort;900;1280;10464;yes
same_prefix;string_merge_sort;900;4323;118167;yes
random;msd_radix_sort;900;552;3868;yes
reverse_sorted;msd_radix_sort;900;679;4376;yes
almost_sorted;msd_radix_sort;900;685;4288;yes
same_prefix;msd_radix_sort;900;1214;29048;yes
random;msd_radix_quick_sort;900;333;4956;yes
reverse_sorted;msd_radix_quick_sort;900;1072;16618;yes
almost_sorted;msd_radix_quick_sort;900;555;7646;yes
same_prefix;msd_radix_quick_sort;900;1061;30053;yes
random;standard_quick_sort;1000;4899;165370;yes
reverse_sorted;standard_quick_sort;1000;19115;730971;yes
almost_sorted;standard_quick_sort;1000;5042;178139;yes
same_prefix;standard_quick_sort;1000;9870;373817;yes
random;standard_merge_sort;1000;1582;11513;yes
reverse_sorted;standard_merge_sort;1000;1405;8017;yes
almost_sorted;standard_merge_sort;1000;1496;11572;yes
same_prefix;standard_merge_sort;1000;4627;133019;yes
random;string_quick_sort;1000;728;10043;yes
reverse_sorted;string_quick_sort;1000;1551;24090;yes
almost_sorted;string_quick_sort;1000;1042;16891;yes
same_prefix;string_quick_sort;1000;889;24230;yes
random;string_merge_sort;1000;1584;11513;yes
reverse_sorted;string_merge_sort;1000;1490;8017;yes
almost_sorted;string_merge_sort;1000;1539;11572;yes
same_prefix;string_merge_sort;1000;4774;133019;yes
random;msd_radix_sort;1000;677;4316;yes
reverse_sorted;msd_radix_sort;1000;1043;4854;yes
almost_sorted;msd_radix_sort;1000;749;4746;yes
same_prefix;msd_radix_sort;1000;1390;32286;yes
random;msd_radix_quick_sort;1000;413;5679;yes
reverse_sorted;msd_radix_quick_sort;1000;1362;18410;yes
almost_sorted;msd_radix_quick_sort;1000;572;8567;yes
same_prefix;msd_radix_quick_sort;1000;1313;33525;yes
random;standard_quick_sort;1100;6040;186638;yes
reverse_sorted;standard_quick_sort;1100;23766;859878;yes
almost_sorted;standard_quick_sort;1100;5129;185596;yes
same_prefix;standard_quick_sort;1100;11167;406680;yes
random;standard_merge_sort;1100;1867;12965;yes
reverse_sorted;standard_merge_sort;1100;1660;8742;yes
almost_sorted;standard_merge_sort;1100;2497;13209;yes
same_prefix;standard_merge_sort;1100;5706;149165;yes
random;string_quick_sort;1100;836;11169;yes
reverse_sorted;string_quick_sort;1100;2558;28140;yes
almost_sorted;string_quick_sort;1100;1204;15913;yes
same_prefix;string_quick_sort;1100;976;26388;yes
random;string_merge_sort;1100;1781;12965;yes
reverse_sorted;string_merge_sort;1100;1548;8742;yes
almost_sorted;string_merge_sort;1100;1753;13209;yes
same_prefix;string_merge_sort;1100;5373;149165;yes
random;msd_radix_sort;1100;695;4792;yes
reverse_sorted;msd_radix_sort;1100;790;5348;yes
almost_sorted;msd_radix_sort;1100;751;5208;yes
same_prefix;msd_radix_sort;1100;1481;35576;yes
random;msd_radix_quick_sort;1100;377;6406;yes
reverse_sorted;msd_radix_quick_sort;1100;1152;20252;yes
almost_sorted;msd_radix_quick_sort;1100;553;9568;yes
same_prefix;msd_radix_quick_sort;1100;1198;37063;yes
random;standard_quick_sort;1200;5239;203670;yes
reverse_sorted;standard_quick_sort;1200;24076;997174;yes
almost_sorted;standard_quick_sort;1200;5271;202499;yes
same_prefix;standard_quick_sort;1200;11618;453851;yes
random;standard_merge_sort;1200;1997;14505;yes
reverse_sorted;standard_merge_sort;1200;1634;9478;yes
almost_sorted;standard_merge_sort;1200;1788;14794;yes
same_prefix;standard_merge_sort;1200;5513;165605;yes
random;string_quick_sort;1200;879;12592;yes
reverse_sorted;string_quick_sort;1200;2000;32617;yes
almost_sorted;string_quick_sort;1200;933;15047;yes
same_prefix;string_quick_sort;1200;1012;29303;yes
random;string_merge_sort;1200;1873;14505;yes
reverse_sorted;string_merge_sort;1200;1652;9478;yes
almost_sorted;string_merge_sort;1200;1895;14794;yes
same_prefix;string_merge_sort;1200;5795;165605;yes
random;msd_radix_sort;1200;721;5274;yes
reverse_sorted;msd_radix_sort;1200;906;5836;yes
almost_sorted;msd_radix_sort;1200;872;5708;yes
same_prefix;msd_radix_sort;1200;1670;38822;yes
random;msd_radix_quick_sort;1200;443;7093;yes
reverse_sorted;msd_radix_quick_sort;1200;1333;22018;yes
almost_sorted;msd_radix_quick_sort;1200;664;10321;yes
same_prefix;msd_radix_quick_sort;1200;1426;40552;yes
random;standard_quick_sort;1300;6272;228277;yes
reverse_sorted;standard_quick_sort;1300;28156;1146550;yes
almost_sorted;standard_quick_sort;1300;5893;235805;yes
same_prefix;standard_quick_sort;1300;12254;509097;yes
random;standard_merge_sort;1300;1915;16074;yes
reverse_sorted;standard_merge_sort;1300;1712;10220;yes
almost_sorted;standard_merge_sort;1300;1857;16555;yes
same_prefix;standard_merge_sort;1300;5710;181582;yes
random;string_quick_sort;1300;852;14172;yes
reverse_sorted;string_quick_sort;1300;2168;36141;yes
almost_sorted;string_quick_sort;1300;1054;16697;yes
same_prefix;string_quick_sort;1300;1234;32420;yes
random;string_merge_sort;1300;2218;16074;yes
reverse_sorted;string_merge_sort;1300;1919;10220;yes
almost_sorted;string_merge_sort;1300;1958;16555;yes
same_prefix;string_merge_sort;1300;6078;181582;yes
random;msd_radix_sort;1300;713;5752;yes
reverse_sorted;msd_radix_sort;1300;921;6320;yes
almost_sorted;msd_radix_sort;1300;883;6204;yes
same_prefix;msd_radix_sort;1300;1693;42122;yes
random;msd_radix_quick_sort;1300;476;7844;yes
reverse_sorted;msd_radix_quick_sort;1300;1350;23602;yes
almost_sorted;msd_radix_quick_sort;1300;635;11159;yes
same_prefix;msd_radix_quick_sort;1300;1443;44144;yes
random;standard_quick_sort;1400;6321;238220;yes
reverse_sorted;standard_quick_sort;1400;32336;1305255;yes
almost_sorted;standard_quick_sort;1400;6368;240106;yes
same_prefix;standard_quick_sort;1400;14328;536916;yes
random;standard_merge_sort;1400;2668;17540;yes
reverse_sorted;standard_merge_sort;1400;3341;11059;yes
almost_sorted;standard_merge_sort;1400;2578;17725;yes
same_prefix;standard_merge_sort;1400;7931;198287;yes
random;string_quick_sort;1400;1270;14684;yes
reverse_sorted;string_quick_sort;1400;3685;40756;yes
almost_sorted;string_quick_sort;1400;1184;18325;yes
same_prefix;string_quick_sort;1400;1341;34556;yes
random;string_merge_sort;1400;2399;17540;yes
reverse_sorted;string_merge_sort;1400;2055;11059;yes
almost_sorted;string_merge_sort;1400;2401;17725;yes
same_prefix;string_merge_sort;1400;8711;198287;yes
random;msd_radix_sort;1400;785;6234;yes
reverse_sorted;msd_radix_sort;1400;1051;6812;yes
almost_sorted;msd_radix_sort;1400;1029;6684;yes
same_prefix;msd_radix_sort;1400;1822;45396;yes
random;msd_radix_quick_sort;1400;505;8541;yes
reverse_sorted;msd_radix_quick_sort;1400;1480;25219;yes
almost_sorted;msd_radix_quick_sort;1400;694;11949;yes
same_prefix;msd_radix_quick_sort;1400;1544;47681;yes
random;standard_quick_sort;1500;6742;254355;yes
reverse_sorted;standard_quick_sort;1500;35799;1474465;yes
almost_sorted;standard_quick_sort;1500;6989;270675;yes
same_prefix;standard_quick_sort;1500;14942;599977;yes
random;standard_merge_sort;1500;2417;19132;yes
reverse_sorted;standard_merge_sort;1500;2012;12197;yes
almost_sorted;standard_merge_sort;1500;2191;19023;yes
same_prefix;standard_merge_sort;1500;6992;214484;yes
random;string_quick_sort;1500;1007;16028;yes
reverse_sorted;string_quick_sort;1500;2809;46149;yes
almost_sorted;string_quick_sort;1500;1154;20148;yes
same_prefix;string_quick_sort;1500;1233;37126;yes
random;string_merge_sort;1500;2371;19132;yes
reverse_sorted;string_merge_sort;1500;2016;12197;yes
almost_sorted;string_merge_sort;1500;2201;19023;yes
same_prefix;string_merge_sort;1500;6970;214484;yes
random;msd_radix_sort;1500;846;6738;yes
reverse_sorted;msd_radix_sort;1500;1050;7294;yes
almost_sorted;msd_radix_sort;1500;1020;7166;yes
same_prefix;msd_radix_sort;1500;2020;48676;yes
random;msd_radix_quick_sort;1500;573;9338;yes
reverse_sorted;msd_radix_quick_sort;1500;1538;27010;yes
almost_sorted;msd_radix_quick_sort;1500;731;12714;yes
same_prefix;msd_radix_quick_sort;1500;1711;51311;yes
random;standard_quick_sort;1600;7264;280994;yes
reverse_sorted;standard_quick_sort;1600;40788;1653935;yes
almost_sorted;standard_quick_sort;1600;7205;289444;yes
same_prefix;standard_quick_sort;1600;15012;622985;yes
random;standard_merge_sort;1600;2385;20695;yes
reverse_sorted;standard_merge_sort;1600;2137;13045;yes
almost_sorted;standard_merge_sort;1600;2328;20327;yes
same_prefix;standard_merge_sort;1600;7438;230632;yes
random;string_quick_sort;1600;1087;17562;yes
reverse_sorted;string_quick_sort;1600;3039;51696;yes
almost_sorted;string_quick_sort;1600;1207;20973;yes
same_prefix;string_quick_sort;1600;1341;40086;yes
random;string_merge_sort;1600;2412;20695;yes
reverse_sorted;string_merge_sort;1600;2130;13045;yes
almost_sorted;string_merge_sort;1600;2307;20327;yes
same_prefix;string_merge_sort;1600;7259;230632;yes
random;msd_radix_sort;1600;923;7244;yes
reverse_sorted;msd_radix_sort;1600;1111;7772;yes
almost_sorted;msd_radix_sort;1600;1104;7672;yes
same_prefix;msd_radix_sort;1600;2065;51946;yes
random;msd_radix_quick_sort;1600;605;10183;yes
reverse_sorted;msd_radix_quick_sort;1600;1630;29053;yes
almost_sorted;msd_radix_quick_sort;1600;780;13559;yes
same_prefix;msd_radix_quick_sort;1600;1783;54884;yes
random;standard_quick_sort;1700;7659;293934;yes
reverse_sorted;standard_quick_sort;1700;44021;1839899;yes
almost_sorted;standard_quick_sort;1700;7776;299478;yes
same_prefix;standard_quick_sort;1700;16294;656203;yes
random;standard_merge_sort;1700;2584;22301;yes
reverse_sorted;standard_merge_sort;1700;2277;13805;yes
almost_sorted;standard_merge_sort;1700;2475;21778;yes
same_prefix;standard_merge_sort;1700;8031;247631;yes
random;string_quick_sort;1700;1131;18252;yes
reverse_sorted;string_quick_sort;1700;3359;56869;yes
almost_sorted;string_quick_sort;1700;1261;21920;yes
same_prefix;string_quick_sort;1700;1397;42130;yes
random;string_merge_sort;1700;2565;22301;yes
reverse_sorted;string_merge_sort;1700;2260;13805;yes
almost_sorted;string_merge_sort;1700;2458;21778;yes
same_prefix;string_merge_sort;1700;7760;247631;yes
random;msd_radix_sort;1700;1004;7744;yes
reverse_sorted;msd_radix_sort;1700;1186;8240;yes
almost_sorted;msd_radix_sort;1700;1180;8162;yes
same_prefix;msd_radix_sort;1700;2209;55246;yes
random;msd_radix_quick_sort;1700;649;10979;yes
reverse_sorted;msd_radix_quick_sort;1700;1750;31119;yes
almost_sorted;msd_radix_quick_sort;1700;824;14322;yes
same_prefix;msd_radix_quick_sort;1700;1935;58469;yes
random;standard_quick_sort;1800;8116;318108;yes
reverse_sorted;standard_quick_sort;1800;47943;2038110;yes
almost_sorted;standard_quick_sort;1800;8289;318961;yes
same_prefix;standard_quick_sort;1800;18084;734752;yes
random;standard_merge_sort;1800;2771;23945;yes
reverse_sorted;standard_merge_sort;1800;2520;14855;yes
almost_sorted;standard_merge_sort;1800;2744;23112;yes
same_prefix;standard_merge_sort;1800;8660;264508;yes
random;string_quick_sort;1800;1252;19814;yes
reverse_sorted;string_quick_sort;1800;3893;62496;yes
almost_sorted;string_quick_sort;1800;1370;23614;yes
same_prefix;string_quick_sort;1800;1591;46109;yes
random;string_merge_sort;1800;2793;23945;yes
reverse_sorted;string_merge_sort;1800;2434;14855;yes
almost_sorted;string_merge_sort;1800;2628;23112;yes
same_prefix;string_merge_sort;1800;8329;264508;yes
random;msd_radix_sort;1800;1065;8232;yes
reverse_sorted;msd_radix_sort;1800;1268;8744;yes
almost_sorted;msd_radix_sort;1800;1237;8656;yes
same_prefix;msd_radix_sort;1800;2361;58550;yes
random;msd_radix_quick_sort;1800;711;11906;yes
reverse_sorted;msd_radix_quick_sort;1800;1857;33137;yes
almost_sorted;msd_radix_quick_sort;1800;876;15230;yes
same_prefix;msd_radix_quick_sort;1800;2035;62074;yes
random;standard_quick_sort;1900;8828;324445;yes
reverse_sorted;standard_quick_sort;1900;52571;2244306;yes
almost_sorted;standard_quick_sort;1900;8331;331354;yes
same_prefix;standard_quick_sort;1900;19903;793412;yes
random;standard_merge_sort;1900;3105;25522;yes
reverse_sorted;standard_merge_sort;1900;2745;15908;yes
almost_sorted;standard_merge_sort;1900;2936;24516;yes
same_prefix;standard_merge_sort;1900;9458;281807;yes
random;string_quick_sort;1900;1355;20810;yes
reverse_sorted;string_quick_sort;1900;4187;69324;yes
almost_sorted;string_quick_sort;1900;1488;25425;yes
same_prefix;string_quick_sort;1900;1629;47696;yes
random;string_merge_sort;1900;2896;25522;yes
reverse_sorted;string_merge_sort;1900;2542;15908;yes
almost_sorted;string_merge_sort;1900;2767;24516;yes
same_prefix;string_merge_sort;1900;8824;281807;yes
random;msd_radix_sort;1900;1142;8750;yes
reverse_sorted;msd_radix_sort;1900;1314;9222;yes
almost_sorted;msd_radix_sort;1900;1292;9134;yes
same_prefix;msd_radix_sort;1900;2527;61896;yes
random;msd_radix_quick_sort;1900;753;12723;yes
reverse_sorted;msd_radix_quick_sort;1900;1964;35062;yes
almost_sorted;msd_radix_quick_sort;1900;922;16042;yes
same_prefix;msd_radix_quick_sort;1900;2126;65711;yes
random;standard_quick_sort;2000;9036;356408;yes
reverse_sorted;standard_quick_sort;2000;57343;2461049;yes
almost_sorted;standard_quick_sort;2000;9054;362324;yes
same_prefix;standard_quick_sort;2000;18829;782087;yes
random;standard_merge_sort;2000;3051;27165;yes
reverse_sorted;standard_merge_sort;2000;2698;17020;yes
almost_sorted;standard_merge_sort;2000;2919;25710;yes
same_prefix;standard_merge_sort;2000;9530;297979;yes
random;string_quick_sort;2000;1421;22527;yes
reverse_sorted;string_quick_sort;2000;4401;74326;yes
almost_sorted;string_quick_sort;2000;1504;26078;yes
same_prefix;string_quick_sort;2000;1758;50873;yes
random;string_merge_sort;2000;3050;27165;yes
reverse_sorted;string_merge_sort;2000;2682;17020;yes
almost_sorted;string_merge_sort;2000;2911;25710;yes
same_prefix;string_merge_sort;2000;9316;297979;yes
random;msd_radix_sort;2000;1221;9254;yes
reverse_sorted;msd_radix_sort;2000;1385;9702;yes
almost_sorted;msd_radix_sort;2000;1370;9618;yes
same_prefix;msd_radix_sort;2000;2659;65190;yes
random;msd_radix_quick_sort;2000;802;13515;yes
reverse_sorted;msd_radix_quick_sort;2000;2090;37010;yes
almost_sorted;msd_radix_quick_sort;2000;980;16855;yes
same_prefix;msd_radix_quick_sort;2000;2258;69285;yes
random;standard_quick_sort;2100;9219;362757;yes
reverse_sorted;standard_quick_sort;2100;63955;2690508;yes
almost_sorted;standard_quick_sort;2100;9144;365343;yes
same_prefix;standard_quick_sort;2100;19774;822641;yes
random;standard_merge_sort;2100;3248;28794;yes
reverse_sorted;standard_merge_sort;2100;2861;17794;yes
almost_sorted;standard_merge_sort;2100;3112;27348;yes
same_prefix;standard_merge_sort;2100;9880;315861;yes
random;string_quick_sort;2100;1497;24007;yes
reverse_sorted;string_quick_sort;2100;4835;81756;yes
almost_sorted;string_quick_sort;2100;1705;29495;yes
same_prefix;string_quick_sort;2100;1830;53057;yes
random;string_merge_sort;2100;3257;28794;yes
reverse_sorted;string_merge_sort;2100;2871;17794;yes
almost_sorted;string_merge_sort;2100;3114;27348;yes
same_prefix;string_merge_sort;2100;9947;315861;yes
random;msd_radix_sort;2100;1292;9770;yes
reverse_sorted;msd_radix_sort;2100;1443;10176;yes
almost_sorted;msd_radix_sort;2100;1430;10104;yes
same_prefix;msd_radix_sort;2100;2841;68530;yes
random;msd_radix_quick_sort;2100;856;14388;yes
reverse_sorted;msd_radix_quick_sort;2100;2208;39011;yes
almost_sorted;msd_radix_quick_sort;2100;1028;17690;yes
same_prefix;msd_radix_quick_sort;2100;2416;72990;yes
random;standard_quick_sort;2200;10460;389885;yes
reverse_sorted;standard_quick_sort;2200;68588;2930552;yes
almost_sorted;standard_quick_sort;2200;9659;386496;yes
same_prefix;standard_quick_sort;2200;21457;890609;yes
random;standard_merge_sort;2200;3479;30539;yes
reverse_sorted;standard_merge_sort;2200;3090;18662;yes
almost_sorted;standard_merge_sort;2200;3318;29006;yes
same_prefix;standard_merge_sort;2200;10939;333471;yes
random;string_quick_sort;2200;1537;24607;yes
reverse_sorted;string_quick_sort;2200;5145;86469;yes
almost_sorted;string_quick_sort;2200;1784;31042;yes
same_prefix;string_quick_sort;2200;1850;55074;yes
random;string_merge_sort;2200;3472;30539;yes
reverse_sorted;string_merge_sort;2200;3076;18662;yes
almost_sorted;string_merge_sort;2200;3308;29006;yes
same_prefix;string_merge_sort;2200;10467;333471;yes
random;msd_radix_sort;2200;1361;10268;yes
reverse_sorted;msd_radix_sort;2200;1531;10686;yes
almost_sorted;msd_radix_sort;2200;1510;10626;yes
same_prefix;msd_radix_sort;2200;2990;71834;yes
random;msd_radix_quick_sort;2200;912;15266;yes
reverse_sorted;msd_radix_quick_sort;2200;2291;40775;yes
almost_sorted;msd_radix_quick_sort;2200;1090;18675;yes
same_prefix;msd_radix_quick_sort;2200;2530;76669;yes
random;standard_quick_sort;2300;10600;403869;yes
reverse_sorted;standard_quick_sort;2300;73431;3177895;yes
almost_sorted;standard_quick_sort;2300;10261;408720;yes
same_prefix;standard_quick_sort;2300;22644;941174;yes
random;standard_merge_sort;2300;3678;32314;yes
reverse_sorted;standard_merge_sort;2300;3229;19345;yes
almost_sorted;standard_merge_sort;2300;3506;31084;yes
same_prefix;standard_merge_sort;2300;11299;351174;yes
random;string_quick_sort;2300;1549;24820;yes
reverse_sorted;string_quick_sort;2300;5500;93633;yes
almost_sorted;string_quick_sort;2300;2025;35027;yes
same_prefix;string_quick_sort;2300;1968;58192;yes
random;string_merge_sort;2300;3681;32314;yes
reverse_sorted;string_merge_sort;2300;3235;19345;yes
almost_sorted;string_merge_sort;2300;3505;31084;yes
same_prefix;string_merge_sort;2300;11289;351174;yes
random;msd_radix_sort;2300;1475;10836;yes
reverse_sorted;msd_radix_sort;2300;1597;11166;yes
almost_sorted;msd_radix_sort;2300;1578;11108;yes
same_prefix;msd_radix_sort;2300;3136;75138;yes
random;msd_radix_quick_sort;2300;959;16141;yes
reverse_sorted;msd_radix_quick_sort;2300;2388;42388;yes
almost_sorted;msd_radix_quick_sort;2300;1134;19592;yes
same_prefix;msd_radix_quick_sort;2300;2659;80381;yes
random;standard_quick_sort;2400;10972;418013;yes
reverse_sorted;standard_quick_sort;2400;81603;3434098;yes
almost_sorted;standard_quick_sort;2400;10862;416378;yes
same_prefix;standard_quick_sort;2400;23618;965072;yes
random;standard_merge_sort;2400;3842;34000;yes
reverse_sorted;standard_merge_sort;2400;3367;20171;yes
almost_sorted;standard_merge_sort;2400;3670;32293;yes
same_prefix;standard_merge_sort;2400;11624;369533;yes
random;string_quick_sort;2400;1719;27451;yes
reverse_sorted;string_quick_sort;2400;5997;101584;yes
almost_sorted;string_quick_sort;2400;2118;36769;yes
same_prefix;string_quick_sort;2400;2179;62275;yes
random;string_merge_sort;2400;3857;34000;yes
reverse_sorted;string_merge_sort;2400;3409;20171;yes
almost_sorted;string_merge_sort;2400;3679;32293;yes
same_prefix;string_merge_sort;2400;11889;369533;yes
random;msd_radix_sort;2400;1547;11354;yes
reverse_sorted;msd_radix_sort;2400;1662;11640;yes
almost_sorted;msd_radix_sort;2400;1633;11598;yes
same_prefix;msd_radix_sort;2400;3242;78448;yes
random;msd_radix_quick_sort;2400;1021;17071;yes
reverse_sorted;msd_radix_quick_sort;2400;2481;44069;yes
almost_sorted;msd_radix_quick_sort;2400;1187;20401;yes
same_prefix;msd_radix_quick_sort;2400;2761;83851;yes
random;standard_quick_sort;2500;11617;434899;yes
reverse_sorted;standard_quick_sort;2500;88047;3699928;yes
almost_sorted;standard_quick_sort;2500;11475;435401;yes
same_prefix;standard_quick_sort;2500;25383;1020687;yes
random;standard_merge_sort;2500;4058;35745;yes
reverse_sorted;standard_merge_sort;2500;3533;21081;yes
almost_sorted;standard_merge_sort;2500;3842;34175;yes
same_prefix;standard_merge_sort;2500;12235;386502;yes
random;string_quick_sort;2500;1784;28091;yes
reverse_sorted;string_quick_sort;2500;6519;108312;yes
almost_sorted;string_quick_sort;2500;2188;37748;yes
same_prefix;string_quick_sort;2500;2252;64348;yes
random;string_merge_sort;2500;4075;35745;yes
reverse_sorted;string_merge_sort;2500;3561;21081;yes
almost_sorted;string_merge_sort;2500;3863;34175;yes
same_prefix;string_merge_sort;2500;12448;386502;yes
random;msd_radix_sort;2500;1662;11932;yes
reverse_sorted;msd_radix_sort;2500;1719;12112;yes
almost_sorted;msd_radix_sort;2500;1710;12080;yes
same_prefix;msd_radix_sort;2500;3482;81810;yes
random;msd_radix_quick_sort;2500;1089;17740;yes
reverse_sorted;msd_radix_quick_sort;2500;2646;46179;yes
almost_sorted;msd_radix_quick_sort;2500;1254;21131;yes
same_prefix;msd_radix_quick_sort;2500;2945;87473;yes
random;standard_quick_sort;2600;11665;446870;yes
reverse_sorted;standard_quick_sort;2600;94321;3977008;yes
almost_sorted;standard_quick_sort;2600;11423;447550;yes
same_prefix;standard_quick_sort;2600;26496;1068826;yes
random;standard_merge_sort;2600;4245;37498;yes
reverse_sorted;standard_merge_sort;2600;3701;21819;yes
almost_sorted;standard_merge_sort;2600;4015;35910;yes
same_prefix;standard_merge_sort;2600;12674;404154;yes
random;string_quick_sort;2600;1896;30362;yes
reverse_sorted;string_quick_sort;2600;7261;116126;yes
almost_sorted;string_quick_sort;2600;2456;39951;yes
same_prefix;string_quick_sort;2600;2472;65954;yes
random;string_merge_sort;2600;4648;37498;yes
reverse_sorted;string_merge_sort;2600;4057;21819;yes
almost_sorted;string_merge_sort;2600;4424;35910;yes
same_prefix;string_merge_sort;2600;15038;404154;yes
random;msd_radix_sort;2600;1761;12474;yes
reverse_sorted;msd_radix_sort;2600;1795;12596;yes
almost_sorted;msd_radix_sort;2600;1763;12568;yes
same_prefix;msd_radix_sort;2600;3646;85144;yes
random;msd_radix_quick_sort;2600;1121;18744;yes
reverse_sorted;msd_radix_quick_sort;2600;2727;48338;yes
almost_sorted;msd_radix_quick_sort;2600;1280;22038;yes
same_prefix;msd_radix_quick_sort;2600;3057;91207;yes
random;standard_quick_sort;2700;12342;472868;yes
reverse_sorted;standard_quick_sort;2700;98738;4265341;yes
almost_sorted;standard_quick_sort;2700;11021;441436;yes
same_prefix;standard_quick_sort;2700;25942;1078716;yes
random;standard_merge_sort;2700;4417;39299;yes
reverse_sorted;standard_merge_sort;2700;3851;22826;yes
almost_sorted;standard_merge_sort;2700;4179;36944;yes
same_prefix;standard_merge_sort;2700;13264;423549;yes
random;string_quick_sort;2700;1970;30944;yes
reverse_sorted;string_quick_sort;2700;7294;123312;yes
almost_sorted;string_quick_sort;2700;2409;42026;yes
same_prefix;string_quick_sort;2700;2432;69477;yes
random;string_merge_sort;2700;4415;39299;yes
reverse_sorted;string_merge_sort;2700;3864;22826;yes
almost_sorted;string_merge_sort;2700;4189;36944;yes
same_prefix;string_merge_sort;2700;13544;423549;yes
random;msd_radix_sort;2700;1847;13020;yes
reverse_sorted;msd_radix_sort;2700;1864;13084;yes
almost_sorted;msd_radix_sort;2700;1839;13078;yes
same_prefix;msd_radix_sort;2700;3783;88472;yes
random;msd_radix_quick_sort;2700;1168;19668;yes
reverse_sorted;msd_radix_quick_sort;2700;2814;50195;yes
almost_sorted;msd_radix_quick_sort;2700;1339;22989;yes
same_prefix;msd_radix_quick_sort;2700;3196;94802;yes
random;standard_quick_sort;2800;12598;493003;yes
reverse_sorted;standard_quick_sort;2800;106474;4564228;yes
almost_sorted;standard_quick_sort;2800;11728;458791;yes
same_prefix;standard_quick_sort;2800;28490;1147116;yes
random;standard_merge_sort;2800;4584;40938;yes
reverse_sorted;standard_merge_sort;2800;4003;23700;yes
almost_sorted;standard_merge_sort;2800;4331;38621;yes
same_prefix;standard_merge_sort;2800;13862;440813;yes
random;string_quick_sort;2800;2152;34511;yes
reverse_sorted;string_quick_sort;2800;7761;131038;yes
almost_sorted;string_quick_sort;2800;2617;45471;yes
same_prefix;string_quick_sort;2800;2450;71842;yes
random;string_merge_sort;2800;4604;40938;yes
reverse_sorted;string_merge_sort;2800;4011;23700;yes
almost_sorted;string_merge_sort;2800;4359;38621;yes
same_prefix;string_merge_sort;2800;14115;440813;yes
random;msd_radix_sort;2800;1924;13530;yes
reverse_sorted;msd_radix_sort;2800;1945;13566;yes
almost_sorted;msd_radix_sort;2800;1910;13568;yes
same_prefix;msd_radix_sort;2800;3957;91794;yes
random;msd_radix_quick_sort;2800;1228;20595;yes
reverse_sorted;msd_radix_quick_sort;2800;2924;52172;yes
almost_sorted;msd_radix_quick_sort;2800;1390;23789;yes
same_prefix;msd_radix_quick_sort;2800;3289;98411;yes
random;standard_quick_sort;2900;13788;506636;yes
reverse_sorted;standard_quick_sort;2900;115105;4871392;yes
almost_sorted;standard_quick_sort;2900;12656;511730;yes
same_prefix;standard_quick_sort;2900;29528;1228464;yes
random;standard_merge_sort;2900;4777;42770;yes
reverse_sorted;standard_merge_sort;2900;4150;24689;yes
almost_sorted;standard_merge_sort;2900;4527;40159;yes
same_prefix;standard_merge_sort;2900;15067;459646;yes
random;string_quick_sort;2900;2232;35306;yes
reverse_sorted;string_quick_sort;2900;8405;140740;yes
almost_sorted;string_quick_sort;2900;2800;48308;yes
same_prefix;string_quick_sort;2900;2577;74121;yes
random;string_merge_sort;2900;4767;42770;yes
reverse_sorted;string_merge_sort;2900;4144;24689;yes
almost_sorted;string_merge_sort;2900;4511;40159;yes
same_prefix;string_merge_sort;2900;14831;459646;yes
random;msd_radix_sort;2900;2541;14114;yes
reverse_sorted;msd_radix_sort;2900;2021;14044;yes
almost_sorted;msd_radix_sort;2900;1967;14074;yes
same_prefix;msd_radix_sort;2900;4071;95136;yes
random;msd_radix_quick_sort;2900;1295;21586;yes
reverse_sorted;msd_radix_quick_sort;2900;3045;53931;yes
almost_sorted;msd_radix_quick_sort;2900;1445;24719;yes
same_prefix;msd_radix_quick_sort;2900;3413;102228;yes
random;standard_quick_sort;3000;13953;519115;yes
reverse_sorted;standard_quick_sort;3000;121831;5188267;yes
almost_sorted;standard_quick_sort;3000;18613;745607;yes
same_prefix;standard_quick_sort;3000;29745;1239274;yes
random;standard_merge_sort;3000;4946;44526;yes
reverse_sorted;standard_merge_sort;3000;4304;25871;yes
almost_sorted;standard_merge_sort;3000;4618;41043;yes
same_prefix;standard_merge_sort;3000;14965;476971;yes
random;string_quick_sort;3000;2249;35669;yes
reverse_sorted;string_quick_sort;3000;8904;150276;yes
almost_sorted;string_quick_sort;3000;4505;78635;yes
same_prefix;string_quick_sort;3000;2651;77314;yes
random;string_merge_sort;3000;4925;44526;yes
reverse_sorted;string_merge_sort;3000;4305;25871;yes
almost_sorted;string_merge_sort;3000;4625;41043;yes
same_prefix;string_merge_sort;3000;14884;476971;yes
random;msd_radix_sort;3000;2126;14666;yes
reverse_sorted;msd_radix_sort;3000;2062;14534;yes
almost_sorted;msd_radix_sort;3000;2009;14582;yes
same_prefix;msd_radix_sort;3000;4221;98456;yes
random;msd_radix_quick_sort;3000;1348;22534;yes
reverse_sorted;msd_radix_quick_sort;3000;3127;55983;yes
almost_sorted;msd_radix_quick_sort;3000;1492;25647;yes
same_prefix;msd_radix_quick_sort;3000;3535;106017;yes
